[{"model": "chat.contact", "pk": 1, "fields": {"user": 2, "last_login": "2022-12-30T03:36:27.293Z", "status": "active", "profile_img": "https://i.pinimg.com/736x/1d/67/b1/1d67b12e9aa9837e5e6bbeb9c4a7de6a.jpg"}}, {"model": "chat.contact", "pk": 3, "fields": {"user": 1, "last_login": "2023-01-17T14:43:31.410Z", "status": "active", "profile_img": "https://cdn.pixabay.com/photo/2015/10/05/22/37/blank-profile-picture-973460_960_720.png"}}, {"model": "chat.contact", "pk": 4, "fields": {"user": 3, "last_login": "2022-12-28T15:28:31Z", "status": "inactive", "profile_img": "https://media.istockphoto.com/id/98044402/photo/lemon-slice-over-white-with-a-bright-yellow.jpg?b=1&s=170667a&w=0&k=20&c=A9JWaMLX3E0Cpt8JBnmCUj7wYAY-DocbhVwJoBCLuUc="}}, {"model": "chat.contact", "pk": 5, "fields": {"user": 4, "last_login": "2022-12-29T22:59:44.805Z", "status": "active", "profile_img": "https://i.pinimg.com/originals/00/0e/d7/000ed7dd5af1df630f7a3f91b62ff63a.jpg"}}, {"model": "chat.contact", "pk": 6, "fields": {"user": 5, "last_login": "2022-12-28T15:14:07Z", "status": "inactive", "profile_img": "https://st2.depositphotos.com/1006318/5909/v/950/depositphotos_59094041-stock-illustration-medical-doctor-profile.jpg"}}, {"model": "chat.contact", "pk": 7, "fields": {"user": 10, "last_login": "2022-12-12T15:14:17Z", "status": "inactive", "profile_img": "https://newprofilepic2.photo-cdn.net//assets/images/article/profile.jpg"}}, {"model": "chat.contact", "pk": 8, "fields": {"user": 11, "last_login": "2022-12-28T17:56:37Z", "status": "active", "profile_img": "https://t4.ftcdn.net/jpg/04/76/34/17/360_F_476341775_726N5601o6Fnlc6siiIIXdKyrqE1t7V2.jpg"}}, {"model": "chat.contact", "pk": 9, "fields": {"user": 12, "last_login": "2022-12-29T21:35:40.355Z", "status": "inactive", "profile_img": "https://qph.cf2.quoracdn.net/main-qimg-180a39b7c6396abe919c31ab01aa069c-pjlq"}}, {"model": "chat.post", "pk": 1, "fields": {"author": 1, "body": "eqwe1312", "timestamp": "2022-12-15T20:51:24.984Z"}}, {"model": "chat.post", "pk": 2, "fields": {"author": 1, "body": "Hi its me", "timestamp": "2022-12-15T20:51:51.916Z"}}, {"model": "chat.post", "pk": 3, "fields": {"author": 3, "body": "Hellou", "timestamp": "2022-12-15T20:52:03.376Z"}}, {"model": "chat.post", "pk": 4, "fields": {"author": 3, "body": "hellou 2", "timestamp": "2022-12-15T20:52:11.526Z"}}, {"model": "chat.post", "pk": 5, "fields": {"author": 4, "body": "Hi its me", "timestamp": "2022-12-17T10:06:28.368Z"}}, {"model": "chat.post", "pk": 6, "fields": {"author": 3, "body": "hello", "timestamp": "2022-12-17T10:06:47.467Z"}}, {"model": "chat.post", "pk": 7, "fields": {"author": 1, "body": "123", "timestamp": "2022-12-27T23:04:46.912Z"}}, {"model": "chat.post", "pk": 8, "fields": {"author": 1, "body": "1234", "timestamp": "2022-12-27T23:05:07.276Z"}}, {"model": "chat.post", "pk": 9, "fields": {"author": 1, "body": "1234", "timestamp": "2022-12-27T23:06:26.588Z"}}, {"model": "chat.post", "pk": 10, "fields": {"author": 1, "body": "1234", "timestamp": "2022-12-27T23:09:32.666Z"}}, {"model": "chat.post", "pk": 11, "fields": {"author": 1, "body": "1234", "timestamp": "2022-12-27T23:10:51.804Z"}}, {"model": "chat.post", "pk": 12, "fields": {"author": 1, "body": "1234", "timestamp": "2022-12-27T23:11:18.052Z"}}, {"model": "chat.post", "pk": 13, "fields": {"author": 1, "body": "1234", "timestamp": "2022-12-27T23:13:17.338Z"}}, {"model": "chat.post", "pk": 14, "fields": {"author": 1, "body": "1234", "timestamp": "2022-12-27T23:14:05.093Z"}}, {"model": "chat.post", "pk": 15, "fields": {"author": 1, "body": "1234", "timestamp": "2022-12-27T23:18:11.756Z"}}, {"model": "chat.post", "pk": 16, "fields": {"author": 1, "body": "1234", "timestamp": "2022-12-27T23:19:31.030Z"}}, {"model": "chat.post", "pk": 17, "fields": {"author": 1, "body": "new message", "timestamp": "2022-12-27T23:20:04.198Z"}}, {"model": "chat.post", "pk": 18, "fields": {"author": 1, "body": "new message", "timestamp": "2022-12-27T23:20:04.404Z"}}, {"model": "chat.post", "pk": 19, "fields": {"author": 1, "body": "1234", "timestamp": "2022-12-27T23:20:30.181Z"}}, {"model": "chat.post", "pk": 20, "fields": {"author": 1, "body": "1234", "timestamp": "2022-12-27T23:20:30.297Z"}}, {"model": "chat.post", "pk": 21, "fields": {"author": 1, "body": "qwe123", "timestamp": "2022-12-27T23:21:16.274Z"}}, {"model": "chat.post", "pk": 22, "fields": {"author": 1, "body": "13", "timestamp": "2022-12-27T23:22:03.472Z"}}, {"model": "chat.post", "pk": 23, "fields": {"author": 1, "body": "13", "timestamp": "2022-12-27T23:22:03.588Z"}}, {"model": "chat.post", "pk": 24, "fields": {"author": 1, "body": "12", "timestamp": "2022-12-27T23:22:12.987Z"}}, {"model": "chat.post", "pk": 25, "fields": {"author": 1, "body": "12", "timestamp": "2022-12-27T23:22:13.143Z"}}, {"model": "chat.post", "pk": 26, "fields": {"author": 1, "body": "11", "timestamp": "2022-12-27T23:42:02.279Z"}}, {"model": "chat.post", "pk": 27, "fields": {"author": 1, "body": "123", "timestamp": "2022-12-27T23:42:35.509Z"}}, {"model": "chat.post", "pk": 28, "fields": {"author": 1, "body": "1234", "timestamp": "2022-12-27T23:43:32.318Z"}}, {"model": "chat.post", "pk": 29, "fields": {"author": 1, "body": "1234", "timestamp": "2022-12-27T23:45:28.311Z"}}, {"model": "chat.post", "pk": 30, "fields": {"author": 1, "body": "1234", "timestamp": "2022-12-27T23:49:46.160Z"}}, {"model": "chat.post", "pk": 31, "fields": {"author": 3, "body": "Hi new user!", "timestamp": "2022-12-28T18:04:57.365Z"}}, {"model": "chat.post", "pk": 32, "fields": {"author": 3, "body": "czesc", "timestamp": "2022-12-28T18:06:03.504Z"}}, {"model": "chat.post", "pk": 33, "fields": {"author": 3, "body": "czesc", "timestamp": "2022-12-28T18:06:03.591Z"}}, {"model": "chat.post", "pk": 34, "fields": {"author": 3, "body": "czesc", "timestamp": "2022-12-28T18:06:16.002Z"}}, {"model": "chat.post", "pk": 35, "fields": {"author": 3, "body": "czesc", "timestamp": "2022-12-28T18:06:16.104Z"}}, {"model": "chat.post", "pk": 36, "fields": {"author": 3, "body": "czesc", "timestamp": "2022-12-28T18:06:58.502Z"}}, {"model": "chat.post", "pk": 37, "fields": {"author": 3, "body": "czesc", "timestamp": "2022-12-28T18:06:58.587Z"}}, {"model": "chat.post", "pk": 38, "fields": {"author": 3, "body": "czesc", "timestamp": "2022-12-28T18:07:08.230Z"}}, {"model": "chat.post", "pk": 39, "fields": {"author": 3, "body": "czesc", "timestamp": "2022-12-28T18:07:08.317Z"}}, {"model": "chat.post", "pk": 40, "fields": {"author": 3, "body": "nanana", "timestamp": "2022-12-28T18:07:28.982Z"}}, {"model": "chat.post", "pk": 41, "fields": {"author": 3, "body": "nanana", "timestamp": "2022-12-28T18:07:29.069Z"}}, {"model": "chat.post", "pk": 42, "fields": {"author": 8, "body": "hej", "timestamp": "2022-12-28T18:10:46.835Z"}}, {"model": "chat.post", "pk": 43, "fields": {"author": 3, "body": "heja", "timestamp": "2022-12-28T18:11:25.231Z"}}, {"model": "chat.post", "pk": 52, "fields": {"author": 1, "body": "hej", "timestamp": "2022-12-29T16:32:55.887Z"}}, {"model": "chat.post", "pk": 53, "fields": {"author": 1, "body": "hey", "timestamp": "2022-12-29T20:00:44.878Z"}}, {"model": "chat.post", "pk": 54, "fields": {"author": 1, "body": "qwe", "timestamp": "2022-12-29T21:04:50.037Z"}}, {"model": "chat.post", "pk": 55, "fields": {"author": 1, "body": "1241", "timestamp": "2022-12-29T21:05:17.858Z"}}, {"model": "chat.post", "pk": 56, "fields": {"author": 1, "body": "is it smooth", "timestamp": "2022-12-29T21:05:26.919Z"}}, {"model": "chat.post", "pk": 57, "fields": {"author": 9, "body": "Hiya", "timestamp": "2022-12-29T21:36:01.304Z"}}, {"model": "chat.post", "pk": 58, "fields": {"author": 9, "body": "What you up too?", "timestamp": "2022-12-29T21:36:24.709Z"}}, {"model": "chat.post", "pk": 59, "fields": {"author": 9, "body": "What you up too?", "timestamp": "2022-12-29T21:36:24.798Z"}}, {"model": "chat.post", "pk": 60, "fields": {"author": 1, "body": "Programming", "timestamp": "2022-12-29T21:37:11.886Z"}}, {"model": "chat.post", "pk": 61, "fields": {"author": 1, "body": "Programming", "timestamp": "2022-12-29T21:37:11.984Z"}}, {"model": "chat.post", "pk": 62, "fields": {"author": 5, "body": "hi", "timestamp": "2022-12-29T22:56:49.306Z"}}, {"model": "chat.post", "pk": 63, "fields": {"author": 5, "body": "hi", "timestamp": "2022-12-29T22:56:49.389Z"}}, {"model": "chat.post", "pk": 64, "fields": {"author": 5, "body": "hi", "timestamp": "2022-12-29T22:56:49.470Z"}}, {"model": "chat.post", "pk": 65, "fields": {"author": 5, "body": "hi", "timestamp": "2022-12-29T22:56:49.557Z"}}, {"model": "chat.post", "pk": 66, "fields": {"author": 1, "body": "hellou", "timestamp": "2022-12-29T22:57:35.886Z"}}, {"model": "chat.post", "pk": 67, "fields": {"author": 1, "body": "hellou", "timestamp": "2022-12-29T22:57:35.975Z"}}, {"model": "chat.post", "pk": 68, "fields": {"author": 1, "body": "hellou", "timestamp": "2022-12-29T22:57:36.073Z"}}, {"model": "chat.post", "pk": 69, "fields": {"author": 1, "body": "hellou", "timestamp": "2022-12-29T22:57:36.159Z"}}, {"model": "chat.post", "pk": 70, "fields": {"author": 5, "body": "its me", "timestamp": "2022-12-29T22:58:05.696Z"}}, {"model": "chat.post", "pk": 71, "fields": {"author": 5, "body": "its me", "timestamp": "2022-12-29T22:58:05.785Z"}}, {"model": "chat.post", "pk": 72, "fields": {"author": 5, "body": "its me", "timestamp": "2022-12-29T22:58:05.874Z"}}, {"model": "chat.post", "pk": 73, "fields": {"author": 5, "body": "hi", "timestamp": "2022-12-29T22:59:53.040Z"}}, {"model": "chat.post", "pk": 74, "fields": {"author": 5, "body": "hi", "timestamp": "2022-12-29T22:59:53.134Z"}}, {"model": "chat.post", "pk": 75, "fields": {"author": 3, "body": "hey", "timestamp": "2022-12-29T23:03:24.296Z"}}, {"model": "chat.post", "pk": 76, "fields": {"author": 3, "body": "hey", "timestamp": "2022-12-29T23:03:59.381Z"}}, {"model": "chat.post", "pk": 77, "fields": {"author": 3, "body": "hej", "timestamp": "2022-12-29T23:05:23.702Z"}}, {"model": "chat.post", "pk": 78, "fields": {"author": 5, "body": "hej", "timestamp": "2022-12-29T23:05:36.755Z"}}, {"model": "chat.post", "pk": 79, "fields": {"author": 5, "body": "hej", "timestamp": "2022-12-29T23:05:36.817Z"}}, {"model": "chat.post", "pk": 80, "fields": {"author": 3, "body": "hej hej", "timestamp": "2022-12-29T23:06:50.898Z"}}, {"model": "chat.post", "pk": 81, "fields": {"author": 3, "body": "hej hej", "timestamp": "2022-12-29T23:06:50.955Z"}}, {"model": "chat.post", "pk": 82, "fields": {"author": 5, "body": "hej", "timestamp": "2022-12-29T23:12:53.540Z"}}, {"model": "chat.post", "pk": 83, "fields": {"author": 3, "body": "wow 1 message amazing", "timestamp": "2022-12-29T23:13:26.048Z"}}, {"model": "chat.post", "pk": 84, "fields": {"author": 1, "body": "hej", "timestamp": "2022-12-29T23:37:14.803Z"}}, {"model": "chat.post", "pk": 85, "fields": {"author": 1, "body": "hello", "timestamp": "2022-12-30T00:57:04.583Z"}}, {"model": "chat.post", "pk": 86, "fields": {"author": 1, "body": "send message", "timestamp": "2022-12-30T03:15:49.313Z"}}, {"model": "chat.post", "pk": 87, "fields": {"author": 1, "body": "another message", "timestamp": "2022-12-30T03:16:17.492Z"}}, {"model": "chat.post", "pk": 88, "fields": {"author": 1, "body": "another message", "timestamp": "2022-12-30T03:16:33.624Z"}}, {"model": "chat.post", "pk": 89, "fields": {"author": 1, "body": "ssss", "timestamp": "2022-12-30T03:17:34.742Z"}}, {"model": "chat.post", "pk": 90, "fields": {"author": 1, "body": "new message", "timestamp": "2022-12-30T03:23:23.402Z"}}, {"model": "chat.post", "pk": 91, "fields": {"author": 1, "body": "hello", "timestamp": "2022-12-30T03:23:31.509Z"}}, {"model": "chat.post", "pk": 92, "fields": {"author": 1, "body": "next message", "timestamp": "2022-12-30T03:23:51.614Z"}}, {"model": "chat.post", "pk": 93, "fields": {"author": 1, "body": "new message", "timestamp": "2022-12-30T03:24:05.332Z"}}, {"model": "chat.post", "pk": 94, "fields": {"author": 1, "body": "asdas", "timestamp": "2022-12-30T03:24:24.487Z"}}, {"model": "chat.post", "pk": 95, "fields": {"author": 3, "body": "hej hej", "timestamp": "2022-12-30T03:34:17.916Z"}}, {"model": "chat.post", "pk": 96, "fields": {"author": 1, "body": "hejo", "timestamp": "2022-12-30T03:35:05.919Z"}}, {"model": "chat.post", "pk": 97, "fields": {"author": 1, "body": "hello its me", "timestamp": "2022-12-30T03:37:15.722Z"}}, {"model": "chat.post", "pk": 98, "fields": {"author": 1, "body": "cs 50", "timestamp": "2022-12-30T03:37:19.533Z"}}, {"model": "chat.post", "pk": 99, "fields": {"author": 1, "body": "hello", "timestamp": "2022-12-30T03:37:50.329Z"}}, {"model": "chat.post", "pk": 100, "fields": {"author": 3, "body": "heyyy", "timestamp": "2022-12-30T03:38:49.106Z"}}, {"model": "chat.post", "pk": 101, "fields": {"author": 3, "body": "ss", "timestamp": "2023-01-17T15:07:29.484Z"}}, {"model": "chat.post", "pk": 102, "fields": {"author": 3, "body": "ss", "timestamp": "2023-01-17T16:53:11.977Z"}}, {"model": "chat.post", "pk": 103, "fields": {"author": 3, "body": "hej", "timestamp": "2023-01-18T10:49:15.520Z"}}, {"model": "chat.chat", "pk": 1, "fields": {"chatters": [1, 3], "posts": [1, 2, 3, 4, 16, 17, 18, 19, 20, 21, 22, 23, 24, 25, 26, 27, 28, 29, 30, 34, 35, 36, 37, 38, 39, 40, 41, 43, 52, 54, 55, 56, 86, 87, 88, 89, 90, 91, 92, 93, 94, 95, 96, 97, 98, 99, 100, 101, 102, 103]}}, {"model": "chat.chat", "pk": 2, "fields": {"chatters": [3, 4], "posts": [5, 6]}}, {"model": "chat.chat", "pk": 24, "fields": {"chatters": [1, 4], "posts": [53]}}, {"model": "chat.chat", "pk": 29, "fields": {"chatters": [1, 7], "posts": []}}, {"model": "chat.chat", "pk": 30, "fields": {"chatters": [1, 5], "posts": [62, 63, 64, 65, 66, 67, 68, 69, 70, 71, 72]}}, {"model": "chat.chat", "pk": 31, "fields": {"chatters": [1, 6], "posts": []}}, {"model": "chat.chat", "pk": 32, "fields": {"chatters": [1, 8], "posts": []}}, {"model": "chat.chat", "pk": 33, "fields": {"chatters": [3, 8], "posts": [31, 32, 33, 42]}}, {"model": "chat.chat", "pk": 34, "fields": {"chatters": [4, 8], "posts": []}}, {"model": "chat.chat", "pk": 35, "fields": {"chatters": [1, 9], "posts": [57, 58, 59, 60, 61, 84, 85]}}, {"model": "chat.chat", "pk": 36, "fields": {"chatters": [3, 9], "posts": []}}, {"model": "chat.chat", "pk": 37, "fields": {"chatters": [5, 9], "posts": []}}, {"model": "chat.chat", "pk": 38, "fields": {"chatters": [8, 9], "posts": []}}, {"model": "chat.chat", "pk": 39, "fields": {"chatters": [7, 9], "posts": []}}, {"model": "chat.chat", "pk": 40, "fields": {"chatters": [6, 9], "posts": []}}, {"model": "chat.chat", "pk": 41, "fields": {"chatters": [4, 9], "posts": []}}, {"model": "chat.chat", "pk": 42, "fields": {"chatters": [3, 5], "posts": [73, 74, 77, 78, 79, 80, 81, 82, 83]}}, {"model": "chat.chat", "pk": 43, "fields": {"chatters": [3, 6], "posts": []}}, {"model": "chat.chat", "pk": 44, "fields": {"chatters": [3, 7], "posts": []}}, {"model": "admin.logentry", "pk": 1, "fields": {"action_time": "2022-12-15T20:46:33.818Z", "user": 1, "content_type": 2, "object_id": "1", "object_repr": "cyris", "action_flag": 1, "change_message": "[{\"added\": {}}]"}}, {"model": "admin.logentry", "pk": 2, "fields": {"action_time": "2022-12-15T20:46:41.170Z", "user": 1, "content_type": 2, "object_id": "2", "object_repr": "cyris", "action_flag": 1, "change_message": "[{\"added\": {}}]"}}, {"model": "admin.logentry", "pk": 3, "fields": {"action_time": "2022-12-15T20:46:57.014Z", "user": 1, "content_type": 2, "object_id": "2", "object_repr": "cyris", "action_flag": 3, "change_message": ""}}, {"model": "admin.logentry", "pk": 4, "fields": {"action_time": "2022-12-15T20:47:02.353Z", "user": 1, "content_type": 2, "object_id": "3", "object_repr": "cyrisek", "action_flag": 1, "change_message": "[{\"added\": {}}]"}}, {"model": "admin.logentry", "pk": 5, "fields": {"action_time": "2022-12-15T20:51:24.986Z", "user": 1, "content_type": 1, "object_id": "1", "object_repr": "cyris", "action_flag": 1, "change_message": "[{\"added\": {}}]"}}, {"model": "admin.logentry", "pk": 6, "fields": {"action_time": "2022-12-15T20:51:51.917Z", "user": 1, "content_type": 1, "object_id": "2", "object_repr": "cyris", "action_flag": 1, "change_message": "[{\"added\": {}}]"}}, {"model": "admin.logentry", "pk": 7, "fields": {"action_time": "2022-12-15T20:52:03.378Z", "user": 1, "content_type": 1, "object_id": "3", "object_repr": "cyrisek", "action_flag": 1, "change_message": "[{\"added\": {}}]"}}, {"model": "admin.logentry", "pk": 8, "fields": {"action_time": "2022-12-15T20:52:11.528Z", "user": 1, "content_type": 1, "object_id": "4", "object_repr": "cyrisek", "action_flag": 1, "change_message": "[{\"added\": {}}]"}}, {"model": "admin.logentry", "pk": 9, "fields": {"action_time": "2022-12-15T20:52:13.232Z", "user": 1, "content_type": 3, "object_id": "1", "object_repr": "1", "action_flag": 1, "change_message": "[{\"added\": {}}]"}}, {"model": "admin.logentry", "pk": 10, "fields": {"action_time": "2022-12-15T20:52:17.121Z", "user": 1, "content_type": 3, "object_id": "1", "object_repr": "1", "action_flag": 2, "change_message": "[]"}}, {"model": "admin.logentry", "pk": 11, "fields": {"action_time": "2022-12-16T21:53:48.543Z", "user": 1, "content_type": 2, "object_id": "4", "object_repr": "cytri", "action_flag": 1, "change_message": "[{\"added\": {}}]"}}, {"model": "admin.logentry", "pk": 12, "fields": {"action_time": "2022-12-17T10:06:28.370Z", "user": 1, "content_type": 1, "object_id": "5", "object_repr": "cytri", "action_flag": 1, "change_message": "[{\"added\": {}}]"}}, {"model": "admin.logentry", "pk": 13, "fields": {"action_time": "2022-12-17T10:06:47.469Z", "user": 1, "content_type": 1, "object_id": "6", "object_repr": "cyrisek", "action_flag": 1, "change_message": "[{\"added\": {}}]"}}, {"model": "admin.logentry", "pk": 14, "fields": {"action_time": "2022-12-17T10:06:55.119Z", "user": 1, "content_type": 3, "object_id": "2", "object_repr": "2", "action_flag": 1, "change_message": "[{\"added\": {}}]"}}, {"model": "admin.logentry", "pk": 15, "fields": {"action_time": "2022-12-17T12:28:33.268Z", "user": 1, "content_type": 2, "object_id": "5", "object_repr": "danny", "action_flag": 1, "change_message": "[{\"added\": {}}]"}}, {"model": "admin.logentry", "pk": 16, "fields": {"action_time": "2022-12-17T12:45:21.592Z", "user": 1, "content_type": 3, "object_id": "5", "object_repr": "5", "action_flag": 3, "change_message": ""}}, {"model": "admin.logentry", "pk": 17, "fields": {"action_time": "2022-12-17T12:45:21.636Z", "user": 1, "content_type": 3, "object_id": "4", "object_repr": "4", "action_flag": 3, "change_message": ""}}, {"model": "admin.logentry", "pk": 18, "fields": {"action_time": "2022-12-17T12:45:21.665Z", "user": 1, "content_type": 3, "object_id": "3", "object_repr": "3", "action_flag": 3, "change_message": ""}}, {"model": "admin.logentry", "pk": 19, "fields": {"action_time": "2022-12-17T15:12:25.673Z", "user": 1, "content_type": 2, "object_id": "6", "object_repr": "doctor", "action_flag": 1, "change_message": "[{\"added\": {}}]"}}, {"model": "admin.logentry", "pk": 20, "fields": {"action_time": "2022-12-17T15:50:31.554Z", "user": 1, "content_type": 7, "object_id": "6", "object_repr": "paulina", "action_flag": 3, "change_message": ""}}, {"model": "admin.logentry", "pk": 21, "fields": {"action_time": "2022-12-17T15:50:31.583Z", "user": 1, "content_type": 7, "object_id": "7", "object_repr": "paulina1", "action_flag": 3, "change_message": ""}}, {"model": "admin.logentry", "pk": 22, "fields": {"action_time": "2022-12-17T15:52:36.671Z", "user": 1, "content_type": 7, "object_id": "8", "object_repr": "paulina", "action_flag": 3, "change_message": ""}}, {"model": "admin.logentry", "pk": 23, "fields": {"action_time": "2022-12-17T16:03:59.747Z", "user": 1, "content_type": 7, "object_id": "9", "object_repr": "paulina", "action_flag": 3, "change_message": ""}}, {"model": "admin.logentry", "pk": 24, "fields": {"action_time": "2022-12-17T19:32:59.858Z", "user": 2, "content_type": 3, "object_id": "16", "object_repr": "16", "action_flag": 3, "change_message": ""}}, {"model": "admin.logentry", "pk": 25, "fields": {"action_time": "2022-12-17T19:32:59.896Z", "user": 2, "content_type": 3, "object_id": "15", "object_repr": "15", "action_flag": 3, "change_message": ""}}, {"model": "admin.logentry", "pk": 26, "fields": {"action_time": "2022-12-17T19:32:59.925Z", "user": 2, "content_type": 3, "object_id": "14", "object_repr": "14", "action_flag": 3, "change_message": ""}}, {"model": "admin.logentry", "pk": 27, "fields": {"action_time": "2022-12-17T19:32:59.952Z", "user": 2, "content_type": 3, "object_id": "13", "object_repr": "13", "action_flag": 3, "change_message": ""}}, {"model": "admin.logentry", "pk": 28, "fields": {"action_time": "2022-12-17T19:32:59.977Z", "user": 2, "content_type": 3, "object_id": "12", "object_repr": "12", "action_flag": 3, "change_message": ""}}, {"model": "admin.logentry", "pk": 29, "fields": {"action_time": "2022-12-17T19:33:00.003Z", "user": 2, "content_type": 3, "object_id": "11", "object_repr": "11", "action_flag": 3, "change_message": ""}}, {"model": "admin.logentry", "pk": 30, "fields": {"action_time": "2022-12-17T19:33:00.033Z", "user": 2, "content_type": 3, "object_id": "10", "object_repr": "10", "action_flag": 3, "change_message": ""}}, {"model": "admin.logentry", "pk": 31, "fields": {"action_time": "2022-12-17T19:33:00.061Z", "user": 2, "content_type": 3, "object_id": "9", "object_repr": "9", "action_flag": 3, "change_message": ""}}, {"model": "admin.logentry", "pk": 32, "fields": {"action_time": "2022-12-17T19:33:00.087Z", "user": 2, "content_type": 3, "object_id": "8", "object_repr": "8", "action_flag": 3, "change_message": ""}}, {"model": "admin.logentry", "pk": 33, "fields": {"action_time": "2022-12-17T19:33:00.117Z", "user": 2, "content_type": 3, "object_id": "7", "object_repr": "7", "action_flag": 3, "change_message": ""}}, {"model": "admin.logentry", "pk": 34, "fields": {"action_time": "2022-12-17T19:33:10.173Z", "user": 2, "content_type": 3, "object_id": "6", "object_repr": "6", "action_flag": 3, "change_message": ""}}, {"model": "admin.logentry", "pk": 35, "fields": {"action_time": "2022-12-19T12:31:01.214Z", "user": 2, "content_type": 3, "object_id": "21", "object_repr": "21", "action_flag": 3, "change_message": ""}}, {"model": "admin.logentry", "pk": 36, "fields": {"action_time": "2022-12-19T12:31:01.269Z", "user": 2, "content_type": 3, "object_id": "20", "object_repr": "20", "action_flag": 3, "change_message": ""}}, {"model": "admin.logentry", "pk": 37, "fields": {"action_time": "2022-12-19T12:31:01.308Z", "user": 2, "content_type": 3, "object_id": "19", "object_repr": "19", "action_flag": 3, "change_message": ""}}, {"model": "admin.logentry", "pk": 38, "fields": {"action_time": "2022-12-19T12:31:01.347Z", "user": 2, "content_type": 3, "object_id": "18", "object_repr": "18", "action_flag": 3, "change_message": ""}}, {"model": "admin.logentry", "pk": 39, "fields": {"action_time": "2022-12-19T12:31:01.384Z", "user": 2, "content_type": 3, "object_id": "17", "object_repr": "17", "action_flag": 3, "change_message": ""}}, {"model": "admin.logentry", "pk": 40, "fields": {"action_time": "2022-12-19T18:19:25.191Z", "user": 2, "content_type": 3, "object_id": "23", "object_repr": "23", "action_flag": 3, "change_message": ""}}, {"model": "admin.logentry", "pk": 41, "fields": {"action_time": "2022-12-19T18:19:25.232Z", "user": 2, "content_type": 3, "object_id": "22", "object_repr": "22", "action_flag": 3, "change_message": ""}}, {"model": "admin.logentry", "pk": 42, "fields": {"action_time": "2022-12-19T18:21:05.808Z", "user": 2, "content_type": 3, "object_id": "27", "object_repr": "27", "action_flag": 3, "change_message": ""}}, {"model": "admin.logentry", "pk": 43, "fields": {"action_time": "2022-12-19T18:21:05.848Z", "user": 2, "content_type": 3, "object_id": "26", "object_repr": "26", "action_flag": 3, "change_message": ""}}, {"model": "admin.logentry", "pk": 44, "fields": {"action_time": "2022-12-19T18:26:34.874Z", "user": 2, "content_type": 3, "object_id": "28", "object_repr": "28", "action_flag": 3, "change_message": ""}}, {"model": "admin.logentry", "pk": 45, "fields": {"action_time": "2022-12-19T18:26:34.917Z", "user": 2, "content_type": 3, "object_id": "25", "object_repr": "25", "action_flag": 3, "change_message": ""}}, {"model": "admin.logentry", "pk": 46, "fields": {"action_time": "2022-12-28T15:13:39.782Z", "user": 2, "content_type": 2, "object_id": "1", "object_repr": "cyris", "action_flag": 2, "change_message": "[{\"changed\": {\"fields\": [\"Last login\"]}}]"}}, {"model": "admin.logentry", "pk": 47, "fields": {"action_time": "2022-12-28T15:13:50.141Z", "user": 2, "content_type": 2, "object_id": "5", "object_repr": "danny", "action_flag": 2, "change_message": "[{\"changed\": {\"fields\": [\"Last login\"]}}]"}}, {"model": "admin.logentry", "pk": 48, "fields": {"action_time": "2022-12-28T15:13:58.637Z", "user": 2, "content_type": 2, "object_id": "3", "object_repr": "cyrisek", "action_flag": 2, "change_message": "[{\"changed\": {\"fields\": [\"Last login\"]}}]"}}, {"model": "admin.logentry", "pk": 49, "fields": {"action_time": "2022-12-28T15:14:09.374Z", "user": 2, "content_type": 2, "object_id": "6", "object_repr": "doctor", "action_flag": 2, "change_message": "[{\"changed\": {\"fields\": [\"Last login\"]}}]"}}, {"model": "admin.logentry", "pk": 50, "fields": {"action_time": "2022-12-28T15:14:18.984Z", "user": 2, "content_type": 2, "object_id": "7", "object_repr": "paulina", "action_flag": 2, "change_message": "[{\"changed\": {\"fields\": [\"Last login\"]}}]"}}, {"model": "admin.logentry", "pk": 51, "fields": {"action_time": "2022-12-28T20:34:31.785Z", "user": 2, "content_type": 2, "object_id": "7", "object_repr": "paulina", "action_flag": 2, "change_message": "[{\"changed\": {\"fields\": [\"Profile img\"]}}]"}}, {"model": "admin.logentry", "pk": 52, "fields": {"action_time": "2022-12-28T20:35:39.089Z", "user": 2, "content_type": 2, "object_id": "7", "object_repr": "paulina", "action_flag": 2, "change_message": "[{\"changed\": {\"fields\": [\"Profile img\"]}}]"}}, {"model": "admin.logentry", "pk": 53, "fields": {"action_time": "2022-12-28T20:36:58.088Z", "user": 2, "content_type": 2, "object_id": "7", "object_repr": "paulina", "action_flag": 2, "change_message": "[{\"changed\": {\"fields\": [\"Profile img\"]}}]"}}, {"model": "admin.logentry", "pk": 54, "fields": {"action_time": "2022-12-28T20:37:53.011Z", "user": 2, "content_type": 2, "object_id": "6", "object_repr": "doctor", "action_flag": 2, "change_message": "[{\"changed\": {\"fields\": [\"Profile img\"]}}]"}}, {"model": "admin.logentry", "pk": 55, "fields": {"action_time": "2022-12-28T20:39:04.315Z", "user": 2, "content_type": 2, "object_id": "5", "object_repr": "danny", "action_flag": 2, "change_message": "[{\"changed\": {\"fields\": [\"Profile img\"]}}]"}}, {"model": "admin.logentry", "pk": 56, "fields": {"action_time": "2022-12-28T20:40:00.348Z", "user": 2, "content_type": 2, "object_id": "4", "object_repr": "cytri", "action_flag": 2, "change_message": "[{\"changed\": {\"fields\": [\"Profile img\"]}}]"}}, {"model": "admin.logentry", "pk": 57, "fields": {"action_time": "2022-12-28T20:40:20.173Z", "user": 2, "content_type": 2, "object_id": "4", "object_repr": "cytri", "action_flag": 2, "change_message": "[{\"changed\": {\"fields\": [\"Profile img\"]}}]"}}, {"model": "admin.logentry", "pk": 58, "fields": {"action_time": "2022-12-28T20:41:48.394Z", "user": 2, "content_type": 2, "object_id": "8", "object_repr": "nnn", "action_flag": 2, "change_message": "[{\"changed\": {\"fields\": [\"Profile img\"]}}]"}}, {"model": "admin.logentry", "pk": 59, "fields": {"action_time": "2022-12-28T20:42:05.480Z", "user": 2, "content_type": 2, "object_id": "8", "object_repr": "nnn", "action_flag": 2, "change_message": "[{\"changed\": {\"fields\": [\"Profile img\"]}}]"}}, {"model": "admin.logentry", "pk": 60, "fields": {"action_time": "2022-12-28T20:42:54.252Z", "user": 2, "content_type": 2, "object_id": "1", "object_repr": "cyris", "action_flag": 2, "change_message": "[{\"changed\": {\"fields\": [\"Profile img\"]}}]"}}, {"model": "admin.logentry", "pk": 61, "fields": {"action_time": "2022-12-28T21:05:18.487Z", "user": 2, "content_type": 1, "object_id": "49", "object_repr": "cyris", "action_flag": 3, "change_message": ""}}, {"model": "admin.logentry", "pk": 62, "fields": {"action_time": "2022-12-28T21:05:18.530Z", "user": 2, "content_type": 1, "object_id": "48", "object_repr": "cyris", "action_flag": 3, "change_message": ""}}, {"model": "admin.logentry", "pk": 63, "fields": {"action_time": "2022-12-28T21:05:18.567Z", "user": 2, "content_type": 1, "object_id": "47", "object_repr": "cyris", "action_flag": 3, "change_message": ""}}, {"model": "admin.logentry", "pk": 64, "fields": {"action_time": "2022-12-28T21:05:18.596Z", "user": 2, "content_type": 1, "object_id": "46", "object_repr": "cyris", "action_flag": 3, "change_message": ""}}, {"model": "admin.logentry", "pk": 65, "fields": {"action_time": "2022-12-28T21:05:18.625Z", "user": 2, "content_type": 1, "object_id": "45", "object_repr": "cyris", "action_flag": 3, "change_message": ""}}, {"model": "admin.logentry", "pk": 66, "fields": {"action_time": "2022-12-28T21:05:18.656Z", "user": 2, "content_type": 1, "object_id": "44", "object_repr": "cyris", "action_flag": 3, "change_message": ""}}, {"model": "admin.logentry", "pk": 67, "fields": {"action_time": "2022-12-28T21:08:50.483Z", "user": 2, "content_type": 1, "object_id": "51", "object_repr": "cyris", "action_flag": 3, "change_message": ""}}, {"model": "admin.logentry", "pk": 68, "fields": {"action_time": "2022-12-28T21:08:50.527Z", "user": 2, "content_type": 1, "object_id": "50", "object_repr": "cyris", "action_flag": 3, "change_message": ""}}, {"model": "auth.permission", "pk": 1, "fields": {"name": "Can add post", "content_type": 1, "codename": "add_post"}}, {"model": "auth.permission", "pk": 2, "fields": {"name": "Can change post", "content_type": 1, "codename": "change_post"}}, {"model": "auth.permission", "pk": 3, "fields": {"name": "Can delete post", "content_type": 1, "codename": "delete_post"}}, {"model": "auth.permission", "pk": 4, "fields": {"name": "Can view post", "content_type": 1, "codename": "view_post"}}, {"model": "auth.permission", "pk": 5, "fields": {"name": "Can add contact", "content_type": 2, "codename": "add_contact"}}, {"model": "auth.permission", "pk": 6, "fields": {"name": "Can change contact", "content_type": 2, "codename": "change_contact"}}, {"model": "auth.permission", "pk": 7, "fields": {"name": "Can delete contact", "content_type": 2, "codename": "delete_contact"}}, {"model": "auth.permission", "pk": 8, "fields": {"name": "Can view contact", "content_type": 2, "codename": "view_contact"}}, {"model": "auth.permission", "pk": 9, "fields": {"name": "Can add chat", "content_type": 3, "codename": "add_chat"}}, {"model": "auth.permission", "pk": 10, "fields": {"name": "Can change chat", "content_type": 3, "codename": "change_chat"}}, {"model": "auth.permission", "pk": 11, "fields": {"name": "Can delete chat", "content_type": 3, "codename": "delete_chat"}}, {"model": "auth.permission", "pk": 12, "fields": {"name": "Can view chat", "content_type": 3, "codename": "view_chat"}}, {"model": "auth.permission", "pk": 13, "fields": {"name": "Can add log entry", "content_type": 4, "codename": "add_logentry"}}, {"model": "auth.permission", "pk": 14, "fields": {"name": "Can change log entry", "content_type": 4, "codename": "change_logentry"}}, {"model": "auth.permission", "pk": 15, "fields": {"name": "Can delete log entry", "content_type": 4, "codename": "delete_logentry"}}, {"model": "auth.permission", "pk": 16, "fields": {"name": "Can view log entry", "content_type": 4, "codename": "view_logentry"}}, {"model": "auth.permission", "pk": 17, "fields": {"name": "Can add permission", "content_type": 5, "codename": "add_permission"}}, {"model": "auth.permission", "pk": 18, "fields": {"name": "Can change permission", "content_type": 5, "codename": "change_permission"}}, {"model": "auth.permission", "pk": 19, "fields": {"name": "Can delete permission", "content_type": 5, "codename": "delete_permission"}}, {"model": "auth.permission", "pk": 20, "fields": {"name": "Can view permission", "content_type": 5, "codename": "view_permission"}}, {"model": "auth.permission", "pk": 21, "fields": {"name": "Can add group", "content_type": 6, "codename": "add_group"}}, {"model": "auth.permission", "pk": 22, "fields": {"name": "Can change group", "content_type": 6, "codename": "change_group"}}, {"model": "auth.permission", "pk": 23, "fields": {"name": "Can delete group", "content_type": 6, "codename": "delete_group"}}, {"model": "auth.permission", "pk": 24, "fields": {"name": "Can view group", "content_type": 6, "codename": "view_group"}}, {"model": "auth.permission", "pk": 25, "fields": {"name": "Can add user", "content_type": 7, "codename": "add_user"}}, {"model": "auth.permission", "pk": 26, "fields": {"name": "Can change user", "content_type": 7, "codename": "change_user"}}, {"model": "auth.permission", "pk": 27, "fields": {"name": "Can delete user", "content_type": 7, "codename": "delete_user"}}, {"model": "auth.permission", "pk": 28, "fields": {"name": "Can view user", "content_type": 7, "codename": "view_user"}}, {"model": "auth.permission", "pk": 29, "fields": {"name": "Can add content type", "content_type": 8, "codename": "add_contenttype"}}, {"model": "auth.permission", "pk": 30, "fields": {"name": "Can change content type", "content_type": 8, "codename": "change_contenttype"}}, {"model": "auth.permission", "pk": 31, "fields": {"name": "Can delete content type", "content_type": 8, "codename": "delete_contenttype"}}, {"model": "auth.permission", "pk": 32, "fields": {"name": "Can view content type", "content_type": 8, "codename": "view_contenttype"}}, {"model": "auth.permission", "pk": 33, "fields": {"name": "Can add session", "content_type": 9, "codename": "add_session"}}, {"model": "auth.permission", "pk": 34, "fields": {"name": "Can change session", "content_type": 9, "codename": "change_session"}}, {"model": "auth.permission", "pk": 35, "fields": {"name": "Can delete session", "content_type": 9, "codename": "delete_session"}}, {"model": "auth.permission", "pk": 36, "fields": {"name": "Can view session", "content_type": 9, "codename": "view_session"}}, {"model": "auth.user", "pk": 1, "fields": {"password": "pbkdf2_sha256$390000$zoUIhNtKJrP94tzGdNhef4$Guy5fG+4CaJoheIQA/xS/5rYcn720OsEpGHAlnlm934=", "last_login": "2023-01-17T14:43:31.382Z", "is_superuser": true, "username": "cyrisek", "first_name": "", "last_name": "", "email": "cyrisek@gmail.com", "is_staff": true, "is_active": true, "date_joined": "2022-12-15T20:44:10.231Z", "groups": [], "user_permissions": []}}, {"model": "auth.user", "pk": 2, "fields": {"password": "pbkdf2_sha256$390000$iAK4xLSTQeatKPuVpqhKxn$YRR3bTTUugWmuVDbzh454ME+LMslkdagi+/yb74nvnE=", "last_login": "2022-12-30T03:36:27.266Z", "is_superuser": true, "username": "cyris", "first_name": "", "last_name": "", "email": "cyris@gmail.com", "is_staff": true, "is_active": true, "date_joined": "2022-12-15T20:46:17.898Z", "groups": [], "user_permissions": []}}, {"model": "auth.user", "pk": 3, "fields": {"password": "pbkdf2_sha256$390000$iJBWQ9oUqSD5eFn62EDgUc$jQIhNjuwDTcTWSxArgWBBsBQsMupJXfvCnzhcd8amF8=", "last_login": "2022-12-28T15:28:31.689Z", "is_superuser": true, "username": "cytri", "first_name": "", "last_name": "", "email": "cytri@gmail.com", "is_staff": true, "is_active": true, "date_joined": "2022-12-16T21:53:12.922Z", "groups": [], "user_permissions": []}}, {"model": "auth.user", "pk": 4, "fields": {"password": "pbkdf2_sha256$390000$xFwulHzSmKaBvuGaJQ7kzq$05cZnuYabRS1G856xTrtOEMrzfAhfrmBnDfxjnjbKpc=", "last_login": "2022-12-29T22:59:44.777Z", "is_superuser": true, "username": "danny", "first_name": "", "last_name": "", "email": "danny@gmail.com", "is_staff": true, "is_active": true, "date_joined": "2022-12-17T12:27:56.336Z", "groups": [], "user_permissions": []}}, {"model": "auth.user", "pk": 5, "fields": {"password": "pbkdf2_sha256$390000$EJgMtsdov43ajyC9O53Tph$FeRWj9Os4bNbk43kvEPMmqt66QPXuJORyn9srN0k6dc=", "last_login": null, "is_superuser": false, "username": "doctor", "first_name": "", "last_name": "", "email": "doctor@gmail.com", "is_staff": false, "is_active": true, "date_joined": "2022-12-17T15:09:39.088Z", "groups": [], "user_permissions": []}}, {"model": "auth.user", "pk": 10, "fields": {"password": "pbkdf2_sha256$390000$UgESI2L0qFUjzBqf4CnpWl$mU0I460u1VoW00hUd/atLx6Xplv22FZrIct8BaGIiLA=", "last_login": "2022-12-17T16:07:55.126Z", "is_superuser": false, "username": "paulina", "first_name": "", "last_name": "", "email": "paulina@gmail.com", "is_staff": false, "is_active": true, "date_joined": "2022-12-17T16:04:23.254Z", "groups": [], "user_permissions": []}}, {"model": "auth.user", "pk": 11, "fields": {"password": "pbkdf2_sha256$390000$i419AHxzkvlideAIeGMp3B$b7Z741AJNVZLzspl9EieaAFR4THZwaxD/MAKApEU7yc=", "last_login": "2022-12-28T17:56:37.182Z", "is_superuser": false, "username": "nnn", "first_name": "", "last_name": "", "email": "nn@nn", "is_staff": false, "is_active": true, "date_joined": "2022-12-28T17:56:36.786Z", "groups": [], "user_permissions": []}}, {"model": "auth.user", "pk": 12, "fields": {"password": "pbkdf2_sha256$390000$fYvrpsc7vwPOI7TMxrUvYG$WJH43DGVD4NjZEXWk1oV+AEfydu+M5QugnLizhbx1Hw=", "last_login": "2022-12-29T21:35:40.322Z", "is_superuser": false, "username": "Rose", "first_name": "", "last_name": "", "email": "rose@rose", "is_staff": false, "is_active": true, "date_joined": "2022-12-29T21:24:42.810Z", "groups": [], "user_permissions": []}}, {"model": "contenttypes.contenttype", "pk": 1, "fields": {"app_label": "chat", "model": "post"}}, {"model": "contenttypes.contenttype", "pk": 2, "fields": {"app_label": "chat", "model": "contact"}}, {"model": "contenttypes.contenttype", "pk": 3, "fields": {"app_label": "chat", "model": "chat"}}, {"model": "contenttypes.contenttype", "pk": 4, "fields": {"app_label": "admin", "model": "logentry"}}, {"model": "contenttypes.contenttype", "pk": 5, "fields": {"app_label": "auth", "model": "permission"}}, {"model": "contenttypes.contenttype", "pk": 6, "fields": {"app_label": "auth", "model": "group"}}, {"model": "contenttypes.contenttype", "pk": 7, "fields": {"app_label": "auth", "model": "user"}}, {"model": "contenttypes.contenttype", "pk": 8, "fields": {"app_label": "contenttypes", "model": "contenttype"}}, {"model": "contenttypes.contenttype", "pk": 9, "fields": {"app_label": "sessions", "model": "session"}}, {"model": "sessions.session", "pk": "21738zg2guu8j204mh4s4x85koqaj58t", "fields": {"session_data": "e30:1p6ZLa:HLZgbY2ck8KCGVISzI_4VwclU55Z6FarspQi2U_rq-U", "expire_date": "2022-12-31T15:43:34.473Z"}}, {"model": "sessions.session", "pk": "2zuvjmrypnr4a8uze5oirnita5kpggo5", "fields": {"session_data": ".eJxVjMsOwiAQRf-FtSHDG1y69xvIAINUDU1KuzL-uzbpQrf3nHNfLOK2trgNWuJU2JkJdvrdEuYH9R2UO_bbzPPc12VKfFf4QQe_zoWel8P9O2g42rdO4J0jra0yRgG6HNBVBJeoUrEAFbBWX8gEIbXPhFIJrWS12auARrP3B-KPN9Q:1pAHoU:_XDawR-IUhKaJ4g-PZkU2CP4bQfgbDRN65RNiesp6O0", "expire_date": "2023-01-10T21:48:46.660Z"}}, {"model": "sessions.session", "pk": "3ra2029gu8ztw145rnrriffnk40rjnts", "fields": {"session_data": "e30:1pAYIC:r9pCn6h8AhL2nxEkVPj8PEeLVmtLTLBceQC7aOv7wuw", "expire_date": "2023-01-11T15:24:32.465Z"}}, {"model": "sessions.session", "pk": "5jxievpuykh9f749pcywjuvukoeyzx0m", "fields": {"session_data": ".eJxVjMsOwiAQRf-FtSHDG1y69xvIAINUDU1KuzL-uzbpQrf3nHNfLOK2trgNWuJU2JkJdvrdEuYH9R2UO_bbzPPc12VKfFf4QQe_zoWel8P9O2g42rdO4J0jra0yRgG6HNBVBJeoUrEAFbBWX8gEIbXPhFIJrWS12auARrP3B-KPN9Q:1pB69t:8hCWgxGhVOQA4OZfcx45X_-W1_me_DpUZsTFAi8pBNk", "expire_date": "2023-01-13T03:34:13.638Z"}}, {"model": "sessions.session", "pk": "7jgdy52wln5eptf5twqz6g43jbv5lc4i", "fields": {"session_data": ".eJxVjMsOwiAQRf-FtSHDG1y69xvIAINUDU1KuzL-uzbpQrf3nHNfLOK2trgNWuJU2JkJdvrdEuYH9R2UO_bbzPPc12VKfFf4QQe_zoWel8P9O2g42rdO4J0jra0yRgG6HNBVBJeoUrEAFbBWX8gEIbXPhFIJrWS12auARrP3B-KPN9Q:1pHnBT:9VfIvrfk6aEMJurWyBfPrTXW49Z4liO20rlXjGDEd_Y", "expire_date": "2023-01-31T14:43:31.442Z"}}, {"model": "sessions.session", "pk": "irvydl4b8dikxnkg5me4fl3ciy5iutr6", "fields": {"session_data": ".eJxVjMsOwiAQRf-FtSHDG1y69xvIAINUDU1KuzL-uzbpQrf3nHNfLOK2trgNWuJU2JkJdvrdEuYH9R2UO_bbzPPc12VKfFf4QQe_zoWel8P9O2g42rdO4J0jra0yRgG6HNBVBJeoUrEAFbBWX8gEIbXPhFIJrWS12auARrP3B-KPN9Q:1pB5yU:i2wtrIgskHkHrnYH2SpEufGe5G29drzeFO11EO16tjc", "expire_date": "2023-01-13T03:22:26.551Z"}}, {"model": "sessions.session", "pk": "m1lqkstxwk9vwv7is0frcbbew4m2lb2v", "fields": {"session_data": ".eJxVjMsOwiAQRf-FtSHDG1y69xvIAINUDU1KuzL-uzbpQrf3nHNfLOK2trgNWuJU2JkJdvrdEuYH9R2UO_bbzPPc12VKfFf4QQe_zoWel8P9O2g42rdO4J0jra0yRgG6HNBVBJeoUrEAFbBWX8gEIbXPhFIJrWS12auARrP3B-KPN9Q:1pAahn:ALwQzV6jWXnrVuZQTw_JAMlooDqvz0y4aIepmmCWswA", "expire_date": "2023-01-11T17:59:07.971Z"}}, {"model": "sessions.session", "pk": "neloc4r7gb3uh6ld3hmyoyeiqon3j3v7", "fields": {"session_data": ".eJxVjMsOwiAQRf-FtSE8hnZw6d5vIAMDUjU0Ke3K-O_apAvd3nPOfYlA21rD1vMSJhZnAeL0u0VKj9x2wHdqt1mmua3LFOWuyIN2eZ05Py-H-3dQqddvnWxEUooGq8sIg8eSdElmNCmCVwBo0TlnNUVPjMRMyhQm0EoBOkDx_gDY5Ddk:1pB1sG:zlELP64ZGD2PWUzkpSv-NyqWD1QPOADLs9OSVqUKF58", "expire_date": "2023-01-12T22:59:44.834Z"}}, {"model": "sessions.session", "pk": "q71xo1i3662bphusl7z9yu5gfvt0s3d8", "fields": {"session_data": "e30:1pB0VM:U9doFQMmtitGAgwRItmef8jYFaToUGO1FV4Wy3vSvrw", "expire_date": "2023-01-12T21:32:00.593Z"}}, {"model": "sessions.session", "pk": "s4lyicc55q099b1ay6p3x6exk3vr96m5", "fields": {"session_data": "e30:1p6ZM5:N4CbR_Ttp-tREYX6GppfBS14v4e0EUvoo3i-KeV6WJI", "expire_date": "2022-12-31T15:44:05.617Z"}}, {"model": "sessions.session", "pk": "yuhmx9d1db9w40wvlwdysbcrq87orwsz", "fields": {"session_data": ".eJxVjEsOwjAMRO-SNYrcprgOS_acIXLshBZQIvWzQtydVuoCViPNezNvE3hdhrDOaQqjmotpzem3iyzPVHagDy73aqWWZRqj3RV70NneqqbX9XD_Dgaeh20duw5EGlWOHvVMziO4FhQJJUcHCoJtzwSUsmzJXcYeQcl756Ah8_kC5dY3dw:1pB6C3:f5q9t0MltXoC0sdgEZ--ILBePZukhJWtA4tXONvRUYE", "expire_date": "2023-01-13T03:36:27.320Z"}}]